,human,noise,vehicle
human,0.8875793291024479,0.034904805077062555,0.07751586582048957
noise,0.0041928721174004195,0.8834381551362683,0.11236897274633123
vehicle,0.08213552361396304,0.17180013689253937,0.7460643394934976
