source,accuracy,f1_macro
bridge,0.5,0.3505220269926152
tmd,0.8103922918100481,0.8138078517927502
uci_har,0.9424692954104719,0.6479980792767254
